dataHoraRegistroUTC,nrProtocolo,narrativa,tipoLocalDescricao,bairro,motivoFinalizacaoDescricao,categoriaFinalizacaoDescricao,"envolvidos.nome"
"Oct 27, 2025 @ 20:42:55.854","CAD-CA20251027173725-47-OC-GM","VANESSA RELATA QUE TRES CACHORROS SOLTOS EM VIA PUBLICA AVANÇANDO NAS PESSOAS. DISSE QUE HOJE FOI ATACADA POR UM DELES. FOI ATE A RESIDENCIA ONDE ELES FICAM, A PROPRIETARIA DA RESIDENCIA DISSE QUE NÃO SABER QUEM ERA OS TUTORES. ","Via urbana",Floresta,"-","-","-"
"Oct 27, 2025 @ 20:00:57.551","CAD-CA20251027165526-46-OC-GM","OSMAR RELATA QUE AO LADO DE SUA RESIDENCIA UM CASAL BRIGA COM FREQUENCIA. NÃO SOUBE INFORMAR O MOTIVO. DISSE QUE NO MOMENTO DA LIGAÇÃO ELES NÃO ESTAVAM DISCUTINDO. FIGOU DE LIGAR CASO PERCEBE OUTRA DISCUSSÃO. FOI ORIENTADO DE QUE, CASO PERCEBA ALGO, PODE ESTAR LIGANDO TANTO PARA GUARDA MUNICIPAL COMO POLICIA MILITAR. ","Residência",Interlagos,"-","-","-"
"Oct 27, 2025 @ 19:48:48.679","CAD-CA20251027164333-45-OC-GM","GEOVANA RELATA QUE UM MORADOR DE RUA ESTÁ ENTRANDO NO ESTABELECIMENTO DIZENDO QUE PRECISA FAZER A TROCA DE UM CREME DENTAL O QUAL NEM COMPROU NO LOCAL. DISSE QUE ESTÁ SOB O EFEITO DE ALGUMA SUBSTANCIA, POIS PERCEBE ESTAR ALTERADO. ","Estabelecimento comercial",Centro,"-","-","-"
"Oct 27, 2025 @ 19:37:56.069","CAD-CA20251027163415-44-OC-GM","LUIZ RELATA QUE TEM UM PORCO ESPINHO NO LOCAL. DISSE QUE LIGOU PARA O CORPO DE BOMBEIROS E ELES MANDARAM LIGAR AQUI NA GUARDA MUNICIPAL. FOI ORIENTADO A LIGAR NA SEC. DO MEIO AMBIENTE / SAMUCÃO.","Via urbana","Maria Luíza","-","-","-"
"Oct 27, 2025 @ 18:56:58.089","CAD-CA20251027155600-39-OC-GM","abordagem a suspeitos","Terminal de ônibus","Alto Alegre","Auto de Prisão em Flagrante Delito","Finalizado na Delegacia de Polícia","-"
"Oct 27, 2025 @ 18:52:57.212","CAD-CA20251027155208-38-OC-GM","abordagem a suspeito.","Área rural","Sede Alvorada","Averiguação Policial sem Alteração","Finalizado no Local","-"
"Oct 27, 2025 @ 18:31:15.768","CAD-CA20251027152442-36-OC-GM","solicitante informou que tem uma mulher com uma faca pela rua, próximo a rodoviária velha.","Via urbana",Centro,"-","-","-"
"Oct 27, 2025 @ 17:10:26.739","CAD-CA20251027140601-31-OC-GM","queimada urbana, rua kamayuras, próxima o numero 618, nos fundos estão colocando fogo.","Não Informado","Santa Cruz","-","-","-"
"Oct 27, 2025 @ 15:47:20.190","CAD-CA20251027123856-27-OC-GM","RELATA QUE TEM UM MORADOR DE RUA COM UMA FACA O QUAL ESTÁ EM FRENTE AO TERMINAL DE CARREGAMENTO. ELE ESTA DE CALÇA JEANS E CAMISA ESCURA COM BONE. ESTÁ COM OUTROS MORADORES DE RUA. DEIXOU UMA BICICLETA, POSSIVELMENTE FURTADA NA BORRACHARIA JK AO LADO DO HOTEL CASTELO. ELE FOI ATÉ ESSA BORRACHARIA AFIAR A FACA E RETORNOU PARA O TERMINAL. ","Terminal de ônibus",Centro,Outros,"Finalizado no Local","-"
"Oct 27, 2025 @ 15:38:48.420","CAD-CA20251027123438-26-OC-GM","PAULO LIGOU NOVAMENTE ALEGANDO QUE SEU IRMÃO ESTÁ NO LOCAL EMBRIAGADO AMEAÇANDO OS PAIS. FOI ORIENTADO A LIGAR PARA O SAMU, POREM DISSE QUE NÃO ADIANTAVA POIS ERA CASO DE POLICIA. PAULO FOI ORIENTADO A LGAR PARA O SAMU QUE A EQUIPE DA GUARDA MUNICIPAL VAI ATÉ O LOCAL EM APOIO. ","Residência",Brasmadeira,"-","-","-"
"Oct 27, 2025 @ 15:21:33.634","CAD-CA20251027121736-24-OC-GM","irmão alcoólatra ameaçando os pais, solicitante não esta no local. informei que se ele estiver em surto para entrar em contato com 192. ou ir ate o local averiguar e ligar novamente para representar contra o irmão das ameaças.","Residência",Centro,"-","-","-"
"Oct 27, 2025 @ 15:16:36.722","CAD-CA20251027120937-23-OC-GM","JANETE RELATA QUE SEU IRMÃO ESTÁ BEBADO E ESTÁ NA CASA DOS PAIS GRITANDO. TAMBÉM FOI ORIENTADA A LIGAR PARA O SAMU. DISSE QUE ELE TEM PROBLEMAS E QUE JA FOI INTERNADO VARIAS VEZES, POREM,  APOS O SAMU LEVAR ELE FOGE. ","Residência",Interlagos,"-","-","-"
"Oct 27, 2025 @ 15:05:27.334","CAD-CA20251027115726-20-OC-GM","FEMININO EM SURTO. 22 ANOS. JA FAZ TRATAMENTO PSIQUIATRICO. SE AUTOAGREDINDO. ESTÁ SENDO CONTIDA POR FAMILIARES. PONTO DE ENCONTRO: MUFATTÃO CANCELLI - CASA DOS FUNDOS . ","Residência",Cancelli,"Viatura em apoio","Finalizado no Local","-"
"Oct 27, 2025 @ 14:53:51.772","CAD-CA20251027114812-18-OC-GM","MARIANA RELATA QUE TEM DOIS CAVALOS SOLTOS EM VIA PUBLICA NA ROTATORIA DA RUA PRES. KENNEDY. SENTIDO FAG. PROXIMO AO ECOPARQUE.","Via urbana","Alto Alegre","-","-","-"
"Oct 27, 2025 @ 14:44:53.643","CAD-CA20251027113955-17-OC-GM","RELATA QUE SEU IRMÃO FURTOU UM BOTIJÃO DE GAS ONTEM A NOITE. SOLICITOU UMA EQUIPE PARA IR ATÉ A CASA DELE PARA BUSCAR O BOTIJÃO.","Residência","Cascavel Velho","-","-","-"
"Oct 27, 2025 @ 14:17:22.613","CAD-CA20251027111303-16-OC-GM","JOSIANE RELATA QUE HAVIA UMA MEDIDA PROTETIVA CONTRA SEU EX-COMPANHEIRO (JONATHAN BERNARDO) E AGORA DESEJA SOLICITAR NOVAMENTE POIS ELE ESTÁ MEXENDO EM SUA REDE SOCIAL. DISSE QUE ELE HAVIA SUMIDO E ESTAVA COM OUTRA PESSOA. RECENTEMENTE ELE AGREDIU A ATUAL NAMORADA E ESTÁ NOVAMENTE INCOMODANDO-A. FOI ORIENTADA A REGISTRAR UM BOLETIM DE OCORRENCIA E LIGAR PARA GUARDA MUNICIPAL OU POLICIA MILITAR A QUALQUER MOMENTO CASO PRECISE. ","Residência",Centro,"-","-","-"
"Oct 27, 2025 @ 14:11:37.229","CAD-CA20251027105741-15-OC-GM","- MARLI RELATA QUE TEM DOIS CACHORROS SOLTOS EM VIA PUBLICA. DISSE QUE FICAM ATACANDO AS PESSOAS QUE PASSAM PELO LOCAL. DISSE QUE SUA MÃE  FOI ATACADA SEMANA PASSADA. SABE QUEM É OS TUTORES. É UMA CASA, PROXIMO AO SALAO DE BELEZA, CASA SEM PINTAR, SOMENTE NO CHAPISCO.
","Não Informado",Floresta,"-","-","-"
"Oct 27, 2025 @ 13:50:42.791","CAD-CA20251027104250-13-OC-GM","RELATA QUE TEM TRES CACHORROS SOLTOS EM VIA PUBLICA OS QUAIS FICAM ATACANDO AS PESSOAS QUE PASSAM PELO LOCAL. DISSE QUE TRES PESSOAS JA FORAM MORDIAS POR ELES. HOJE SUA FUNCIONARIA TAMBÉM FOI ATACADA. NÃO SOUBE INFORMAR QUEM SÃO OS TUTORES.  ","Via urbana",Pacaembu,"-","-","-"
"Oct 27, 2025 @ 12:58:45.454","CAD-CA20251027094927-8-OC-GM","BEATRIZ RELATA QUE AO LADO DO CONDOMINIO BELEVILE  , TEM UMA PESSOA QUE, COM FREQUENCIA, PONHA FOGO EM LIXO. JA FOI LIGADO PARA OS BOMBEIROS, FORAM ATÉ O LOCAL, POREM DISSERAM QUE, COMO O FOGO É CONTROLADO, É PRA LIGAR PARA GUARDA MUNICIPAL. NO MOMENTO DA LIGAÇÃO NÃO HAVIA FOGO. FOI ORIENTADO DE QUE, CASO VOLTE A POR FOGO, LIGAR NOVAMENTE. ","Residência",Centro,"-","-","-"
"Oct 27, 2025 @ 12:37:58.419","CAD-CA20251027093351-5-OC-GM","MATEUS RELATA QUE FLAGROU UM CLIENTE FURTANDO MERCADORIAS. DISSE QUE O CLIENTE NÃO ESTÁ DEIXANDO OLHAR A BOLSA. SOLICITOU UMA EQUIPE NO LOCAL PARA ENCAMINHA-LO A DELEGACIA PELO FURTO. ","Estabelecimento comercial",Pacaembu,"Auto de Prisão em Flagrante Delito","Finalizado na Delegacia de Polícia","-"
"Oct 27, 2025 @ 09:04:59.289","CAD-CA20251027060313-3-OC-GM","APOIO PARA OS GMS TODD E PEREIRA JUNIOR, SITUAÇÃO DE FURTO DE FIOS","Não Informado","Universitário","Auto de Prisão em Flagrante Delito","Finalizado na Delegacia de Polícia","-"
"Oct 27, 2025 @ 09:03:10.053","CAD-CA20251027060210-2-OC-GM","PERTURBAÇÃO DO SOSSEGO","Não Informado",Centro,"Partes Orientadas","Finalizado no Local","-"
"Oct 27, 2025 @ 00:36:58.662","CAD-CA20251026213021-16-OC-GM","VEICULO RECUPERADO COM QUEIXA DE FURTO","Não Informado","Cascavel Velho","Boletim de Ocorrência sem Flagrante Delito","Finalizado na Delegacia de Polícia","-"
"Oct 26, 2025 @ 22:25:56.601","CAD-CA20251026192339-15-OC-GM","descumprimento de medida protetiva","Não Informado",Cataratas,"-","-","-"
"Oct 26, 2025 @ 20:58:58.202","CAD-CA20251026175559-14-OC-GM","pb e acompanhamentode coleta de dados plano de manejo","Não Informado","Lago Azul",Outros,"Finalizado no Local","-"
"Oct 26, 2025 @ 20:52:42.597","CAD-CA20251026175102-13-OC-GM","descumprimento de medida protetiva","Não Informado",Centro,"Boletim de Ocorrência (Maria da Penha)","Finalizado na Delegacia de Polícia","-"
"Oct 26, 2025 @ 18:40:43.063","CAD-CA20251026153846-11-OC-GM","condutor alterado,possivelmente embriagado","Não Informado",Pacaembu,Outros,"Finalizado na Delegacia de Polícia","-"
"Oct 26, 2025 @ 18:20:27.962","CAD-CA20251026151928-10-OC-GM","pb upa veneza","Não Informado","Jardim Veneza",Outros,"Finalizado no Local","-"
"Oct 26, 2025 @ 14:57:22.139","CAD-CA20251026115556-900149X-OC-GM","Relata o solicitante que o homem está agredindo sua esposa ","Não Informado",Esmeralda,"Partes Orientadas","Finalizado no Local","-"
"Oct 26, 2025 @ 14:24:58.511","CAD-CA20251026112351-9-OC-GM","pb aeroporto ","Não Informado","Santos Dumont",Outros,"Finalizado no Local","-"
"Oct 26, 2025 @ 14:22:56.851","CAD-CA20251026112028-8-OC-GM","desacato e dano ao patrimonio publico","Não Informado",Interlagos,"Auto de Prisão em Flagrante Delito","Finalizado na Delegacia de Polícia","-"
"Oct 26, 2025 @ 13:26:04.645","CAD-CA20251026102444-7-OC-GM","pb terminal sul","Não Informado","Nova Cidade",Outros,"Finalizado no Local","-"
"Oct 26, 2025 @ 11:34:34.053","CAD-CA20251026083226-5-OC-GM","veiculo com indicativo de furto recuperado","Não Informado",Centro,"Boletim de Ocorrência sem Flagrante Delito","Finalizado na Delegacia de Polícia","-"
"Oct 26, 2025 @ 08:50:26.556","CAD-CA20251026053542-4-OC-GM","Paciente em surto, usuário de drogas, está quebrando as coisas dentro de casa.","Não Informado","14 de Novembro","Resgate/Serviço realizado","Finalizado no Local","-"
"Oct 26, 2025 @ 03:42:24.673","CAD-CA20251026003809-1-OC-GM","PACIENTE: masculino - fez uso de cocaina - esta surtado.
PONTO DE ENCONTRO: BASE DO SAMU, PROXIMO A UPA TANCREDO, R. Cristóvão Colombo, 900 - Pioneiros Catarinenses
","Hotel, pousada, motel","Alto Alegre",Hospital,"Finalizado na Unidade de Saúde","-"
"Oct 26, 2025 @ 01:23:09.818","CAD-CA20251025222110-51-OC-GM","RUA EDUARDO ANTONIOS DE ALMEIDA, SHOW NO DER, PROXIMO O CEASA","Via urbana","Não Informado","Não atendido por indisponibilidade de Recursos","Finalizado Sem Despacho","-"
"Oct 26, 2025 @ 01:19:42.251","CAD-CA20251025221547-50-OC-GM"," INDIVIDUO AGRESSIVO, SOLICITANTE INFORMOU QUE VIU PELAS CAMÊRAS UM INDIVIDUO AGREDINDO UMA MULHER EM FRENTE  A CASA NA CALÇADA,  TEM UMA CRIANÇA NA FRENTE DA CASA.","Residência","Parque São Paulo","Boletim de Ocorrência sem Flagrante Delito","Finalizado na Delegacia de Polícia","-"
"Oct 26, 2025 @ 00:38:29.249","CAD-CA20251025213713-48-OC-GM","CASA COM SOM ALTO PROXIMO O NUMERO 340","Não Informado","Cascavel Velho","Não atendido por indisponibilidade de Recursos","Finalizado Sem Despacho","-"
"Oct 26, 2025 @ 00:27:29.437","CAD-CA20251025212501-47-OC-GM","SOLICITANTE TEM UMA MEDIDA PROTETIVA CONTRA O PADRASTO, SOLICITANTE INFORMOU QUE O PADRASTO LEVOU DUAS CRIANÇAS, WEDERSON ESTA DE CLÇA BRANCA E BLUSA VERMELHA, ALCOOLIZADO. TEM UM TREILLER EM FRENTE A CASA COR CINZA.","Residência",Morumbi,"Boletim de Ocorrência (Maria da Penha)","Finalizado na Delegacia de Polícia","-"
"Oct 25, 2025 @ 23:49:50.071","CAD-CA20251025204523-40-OC-GM","CASA DE ESQUINA LARANJADA, NA RUA JAIME PANTALEÃO DE MORAIS, VIOLENCIA DOMESTICA","Residência","Santa Felicidade","Partes Orientadas","Finalizado no Local","-"
"Oct 25, 2025 @ 22:46:08.108","CAD-CA20251025194335-34-OC-GM","SOLICITANTE INFORMOU QUE O SOM VAI ATE UMAS HORAS DA NOITE, SOM DE RESIDÊNCIA.","Residência","Santo Onofre","Não atendido por indisponibilidade de Recursos","Finalizado Sem Despacho","-"
"Oct 25, 2025 @ 21:47:22.615","CAD-CA20251025184432-31-OC-GM","cassi bar, perto do ecopark. SOLICITANTE INFORMOU QUE UM HOMEM ESTA BRIGANDO COM UMA CRIANÇA APARENTEMENTE DE 12 ANOS. E UMA MULHER ESTA GRITANDO.","Estabelecimento comercial","Santa Felicidade","Infrator não localizado","Finalizado no Local","-"
"Oct 25, 2025 @ 21:33:58.711","CAD-CA20251025182920-30-OC-GM","solicitante informou que esta na loja do cervejeiro, e seu ex esta na fila. informou que ele viu ela, e continuou no mesmo lugar. ela esta no estabelecimento ja algum tempo, e percebeu a chegada do ex marido, porem ele chegou a ver sausani, e mesmo assim não saiu do local.","Estabelecimento comercial",Centro,"Auto de Prisão em Flagrante Delito","Finalizado na Delegacia de Polícia","-"
"Oct 25, 2025 @ 20:53:37.374","CAD-CA20251025175211-27-OC-GM","solicitante informou que seu vizinho esta com som da residência muito alto.","Residência","14 de Novembro","Não atendido por indisponibilidade de Recursos","Finalizado Sem Despacho","-"
"Oct 25, 2025 @ 20:00:06.302","CAD-CA20251025165808-25-OC-GM","solicitante informou que tem um individuo com microfone, na entrada do terminal sudoeste. esta com calça camuflada.","Terminal de ônibus","Santo Onofre",Outros,"Finalizado no Local","-"
"Oct 25, 2025 @ 19:18:55.885","CAD-CA20251025161556-23-OC-GM","SOLICITANTE INFORMOU QUE SEU EX COMPANHEIRO RAFAEL, ESTA DE CARRO PALIO CINZA, EM FRENTE SUA CASA. SOLICITANTE TEM MEDIDA PROTETIVA","Residência",Brasmadeira,"Auto de Prisão em Flagrante Delito","Finalizado na Delegacia de Polícia","-"
"Oct 25, 2025 @ 17:05:29.134","CAD-CA20251025140301-21-OC-GM","QUEIMADA URBANA, FOGO DENTRO DO LOTE DO VIZINHO,  O FOGO É NOS FUNDOS, ","Residência","Canadá",Outros,"Finalizado no Local","-"
"Oct 25, 2025 @ 16:56:04.818","CAD-CA20251025135455-20-OC-GM","UPA BRASILIA, APOIO, PACIENTE ALTERADO","Estabelecimentos de saúde","Brasília",Outros,"Finalizado no Local","-"
"Oct 25, 2025 @ 15:56:40.361","CAD-CA20251025125452-18-OC-GM","SOLICITANTE INFORMOU QUE O DENUNCIANTE CLAUDIO, TELEFONE: 45998446699; INFORMOU TER UM INDIVIDUO ALTERADO EM VIA PUBLICA.","Via urbana","Bairro São Cristóvão","Partes Orientadas","Finalizado no Local","-"
"Oct 25, 2025 @ 13:58:22.414","CAD-CA20251025105654-16-OC-GM","FEIRA EM FRENTE A PREFEITURA.","Não Informado",Centro,"Cancelada pelo solicitante","Finalizado Sem Despacho","-"
"Oct 25, 2025 @ 13:54:57.744","CAD-CA20251025105358-15-OC-GM","LOCALIZAÇÃO DE VEICULO FURTADO","Via urbana",Centro,Outros,"Finalizado na Delegacia de Polícia","-"
"Oct 25, 2025 @ 11:12:38.395","CAD-CA20251025081127-5-OC-GM","APOIO A OFICIAL DE JUSTIÇA","Residência",Neva,"Unidade Veterinária","Finalizado na Unidade de Saúde","-"
"Oct 25, 2025 @ 08:52:36.603","CAD-CA20251025054756-4-OC-GM","RELATA QUE SEU PAI É USUARIO E NESTA MADRUGADA ENTROU EM SUA RESIDENCIA SEM QUE ALGUEM PERCEBESSE E FURTOU 2 CELULARES E UMA BICICLETA. VITIMA TAMBEM POSSUI MEDIDA PROTETIVA CONTRA O AUTOR.
PELA LOCALIZACÃO AUTOR ESTÁ PROXIMO ALVES, ENTRE AS RUAS TUPINAMBAS, MAWES E TUPIS, SENDO POSSÍVEL VISUALIZAR PELO LOCALIZADOR DO CEL ","Não Informado","Santa Cruz","Infrator não localizado","Finalizado no Local","-"
"Oct 25, 2025 @ 07:43:30.813","CAD-CA20251025044211-3-OC-GM","apoio ao samu
FEM 30 ANOS EM SURTO
QTH FINAL RUA ALEIJADINHO 308
PONTO DE ENCONTRO UNIOESTE ","Não Informado","Universitário",Samu,"Finalizado na Unidade de Saúde","-"
"Oct 25, 2025 @ 05:04:53.494","CAD-CA20251025020147-2-OC-GM","RELATA A SOLICITANTE QUE ESTA OUVINDO CHORRO DE CRIANCA E PEDIDO DE SOCORRO","Não Informado","Nova Cidade","Não houve necessidade de atuação","Finalizado Sem Atendimento após Despacho","-"
"Oct 25, 2025 @ 03:21:46.046","CAD-CA20251025002023-1-OC-GM","APOIO PARA CONDUCAO DE UM EMBRIAGADO ","Via urbana",Pacaembu,"Auto de Prisão em Flagrante Delito","Finalizado na Delegacia de Polícia","-"
"Oct 25, 2025 @ 01:14:58.663","CAD-CA20251024220949-24-OC-GM","DIZ QUE CARRO FURTADO NO CENTRO ESTA ATRAS SUPERMECADOR ","Não Informado","14 de Novembro",Outros,"Finalizado na Delegacia de Polícia","-"
"Oct 25, 2025 @ 00:06:53.700","CAD-CA20251024210433-23-OC-GM","CUMPRIMENTO DE MANDADO DE PRISAO","Não Informado","Alto Alegre",Outros,"Finalizado na Delegacia de Polícia","-"
"Oct 24, 2025 @ 23:38:21.701","CAD-CA20251024203612-21-OC-GM","RELATA O SOLICITANTE QUE DESEJA REPRESENTAR PELA SITUACAO DE PERTUBACAO DO SOSSEGO DIZ QUE TEM UM ESPETINHO QUE ESTA INCOMANDO NO LOCAL. ","Residência","Vila Tolentino","Partes Orientadas","Finalizado no Local","-"
"Oct 24, 2025 @ 22:27:44.835","CAD-CA20251024192658-20-OC-GM","DIREÇÃO PERIGOSA ","Não Informado","Santa Cruz","Auto de Prisão em Flagrante Delito","Finalizado na Delegacia de Polícia","-"
"Oct 24, 2025 @ 21:40:30.383","CAD-CA20251024122237-14-OC-GM","APOIO AO OFICIAL DE JUSTICA BUSCA E APREENSAO ","Via urbana",Brasmadeira,"Viatura em apoio","Finalizado no Local","-"
"Oct 24, 2025 @ 21:18:34.082","CAD-CA20251024181419-19-OC-GM","RELTA QUE POSSUI MEDIDA PROTETIVA E QUE NA DATA DE ONTEM JÁ REGISTROU UM DESCUMPRIMENTO, VITIMA TRABALHA DE CAIXA NO POSTO DE COMBISTÍVEL E O AUTOR ESTA ESTACIONADO  NO LOCAL EM UM FIESTA BRANCO ATRAS DO POSTO.
SEGUNDO SOLICITANTE HOJE O AUTOR DEVERIA BUSCAR O FILHO NA BABA PARA PASSAR O FINAL DE SEMANA COM O PAI. ","Não Informado","Não Informado","Orientação preventiva no local","Finalizado no Local","-"
"Oct 24, 2025 @ 19:58:18.752","CAD-CA20251024165658-18-OC-GM","apoio a abordagem social  na praca do migrante. 
ponto de encontro em frente revistaria do EDSON.","Não Informado",Centro,"Averiguação Policial sem Alteração","Finalizado no Local","-"
"Oct 24, 2025 @ 19:36:34.199","CAD-CA20251024162810-17-OC-GM","relata que no qth há algum tempo havia moradores de rua, que o local esta abandonado e faz alguns dias que esses indivíduos não são visualizados, porém há um forte odor saindo do barração, solicitante  teme que o odor possa ser de cadáver.
","Não Informado",Brasmadeira,"Nada constatado","Finalizado Sem Atendimento após Despacho","-"
"Oct 24, 2025 @ 19:27:32.637","CAD-CA20251024162147-16-OC-GM","relata que há um indivíduo tentando entrar em sua residencia, segundo solicitante  houve uma discussão no local e uma das parte se encondeu dentro de sua casa. 
o individo que está tentando então não é conhecido de nenhuma das parte, relata estar agressivo e com algo parecido com um ferro em mãos. ","Não Informado",Claudete,"Orientação preventiva no local","Finalizado no Local","-"
"Oct 24, 2025 @ 17:18:17.774","CAD-CA20251024141704-15-OC-GM","visita maria da penha ","Não Informado",Esmeralda,Outros,"Finalizado no Local","-"
"Oct 24, 2025 @ 14:14:29.208","CAD-CA20251024111111-13-OC-GM","equipe de enfermagem da upa brasilia  Sofia relatou tem masculino agredindo uma feminina na upa brasilia ","Não Informado","Brasília","Partes Orientadas","Finalizado no Local","-"
"Oct 24, 2025 @ 14:10:39.334","CAD-CA20251024110935-12-OC-GM","atividade preventiva maria da penha
","Residência",Esmeralda,Outros,"Finalizado no Local","-"
"Oct 24, 2025 @ 13:21:21.149","CAD-CA20251024101944-11-OC-GM","atividade preventiva patrulha maria da penha","Residência","Brasília",Outros,"Finalizado no Local","-"
"Oct 24, 2025 @ 13:15:53.386","CAD-CA20251024101413-10-OC-GM","atividade patrulha amiga ","Estabelecimento de ensino",Periolo,"Prevenção encerrada","Finalizado no Local","-"
"Oct 24, 2025 @ 12:42:59.186","CAD-CA20251024094137-9-OC-GM","atividade preventiva Patrulha Maria da Penha","Residência","Cascavel Velho",Outros,"Finalizado no Local","-"
"Oct 24, 2025 @ 11:34:04.972","CAD-CA20251024083208-8-OC-GM","Realizar patrulhamento no cemitério central, registrar com fotos e postar no grupo de trabalho. ","Cemitério",Centro,"Averiguação Policial sem Alteração","Finalizado no Local","-"
"Oct 24, 2025 @ 08:35:30.456","CAD-CA20251024052544-4-OC-GM","-","Residência","Nova Cidade","Partes Orientadas","Finalizado no Local","-"
"Oct 24, 2025 @ 07:27:51.451","CAD-CA20251024042405-3-OC-GM","GM SILVEIRA INFORMA QUE HA PESSOAS EM VIAS DE FATO EM VIA PUBLICA","Via urbana",Centro,Outros,"Finalizado no Local","-"
"Oct 24, 2025 @ 03:54:38.201","CAD-CA20251024005014-2-OC-GM","NÃO FOI POSSIVEL COMPEENDER A LIGAÇÃO. SO ALGO SOBRE AMEAÇA. FOI ORIENTADO A CONFECCIONAR UM BOLETIM NA DELEGACIA. ","Via urbana",Presidente,"Ausência de dados suficientes","Finalizado Sem Despacho","-"
"Oct 24, 2025 @ 03:15:10.254","CAD-CA20251024001116-1-OC-GM","FABIANO RELATA QUE É VIGILANTE E QUE ESTA CUIDANDO DE UMA OBRA. SOLICITOU UM PATRULHAMENTO POIS ESTÃO RONDANDO O LOCAL DESDE A NOITE PASSADA PARA FURTAR JANELAS. ","Obra/construção civil",Interlagos,Outros,"Finalizado Sem Despacho","-"
"Oct 24, 2025 @ 02:11:52.388","CAD-CA20251023230755-37-OC-GM","NEI RELATA QUE ESTÃO EM ATENDIMENTO, JUNTO COM A POLICIA MILIITAR, E SOLICITARAM APIO PARA GUARDA MUNICIPAL PARA IREM ATE O UPA VENEZA PARA CONFECÇÃO DE BOLETIM DE OCORRENCIA. FOI ORIENTADO DE QUE A GM NÃO FAZ BOLETIM NO LOCAL. FICOU DE LIGAR PARA POLICIA MILITAR NOVAMENTE. QUALQUER COISA RETORNARIA A LIGAÇÃO. ","Não Informado","Região do Lago 3","Cancelada pelo solicitante","Finalizado Sem Despacho","-"
"Oct 24, 2025 @ 02:02:37.743","CAD-CA20251023225113-36-OC-GM","NÃO QUER SE IDENTIFICA. DISSE QUE ESTA PERCEBENDO UMA MOVIMENTAÇÃO DE PESSOAS. NÃO SOUBE PASSAR MAIS INFORMAÇOES. DURANTE A LIGAÇÃO CAIU DUAS VEZES. SOLICITOU UM PATRULHAMENTO NO LOCAL. ","Via urbana","Pioneiros Catarinenses","Não atendido por indisponibilidade de Recursos","Finalizado Sem Despacho","-"
"Oct 24, 2025 @ 00:59:55.413","CAD-CA20251023215515-34-OC-GM","APOIO AO SAMU. MASCULINO EM SURTO. AGRESSIVO, CHOROSO. ","Casa de Abrigo e Assistência","Maria Luíza","Cancelada pelo solicitante","Finalizado Sem Despacho","-"
"Oct 24, 2025 @ 00:32:31.509","CAD-CA20251023212857-33-OC-GM","GM TRAPP SOLICITOU ABERTURA DE OCORRENCIA EM ABORDAGEM A SUSPEITOS.","Terminal de ônibus",Centro,"Auto de Prisão em Flagrante Delito","Finalizado na Delegacia de Polícia","-"
"Oct 23, 2025 @ 23:52:29.689","CAD-CA20251023202341-32-OC-GM","RELATA A SOLICITANTE MARIA HELENA HIPÓLITO QUE  ESTÁ GESTANTE, RESIDE NA ÁREA RURAL BR 277 KM 572 EM FRENTE AO TOP EGGS. UM HOMEM APARENTEMENTE EM SURTO TENTOU AGREDIR ELA E OAO MARIDO.  O MARIDO ENTROU EM LUTA CORPORAL E CONSEGUIU CONTER O HOMEM. FOI SOLICITADO QUE ELA TAMBÉM ENTRASSE EM CONTATO COM O SAMU PARA QUE ELE SOLICITEM O APOIO DA NOSSA VIATURA PONTO ASSENTAMENTO VALDIR MOTA DE OLIVEIRA.","Área rural","São Salvador",Outros,"Finalizado no Local","-"
"Oct 23, 2025 @ 23:18:42.182","CAD-CA20251023201552-31-OC-GM","JOICE RELATA QUE TEM UMAS CRIANÇAS BRINCANDO NA RUA E DISSE ESTA SENDO INCOMODADA. DISSE QUE FALOU COM ELAS E ELAS DISSSERAM QUE A RUA E PUBLICA. ","Via urbana","Cascavel Velho","Ausência de dados suficientes","Finalizado Sem Despacho","-"
"Oct 23, 2025 @ 23:13:41.539","CAD-CA20251023195959-30-OC-GM","ELENA RELATA QUE ESTA CAMINHANDO E SE DEPAROU COM UM SENHOR APROXIMADAMENTE 60 ANOS O QUAL ESTÁ COM UMA CRIANÇA ENTRE 9 A 10 ANOS. DISSE QUE ESTÁ EM ATITUDE SUSPEITA, POIS, AO SER QUESTIONADO PELAS PESSOAS DO LOCAL O QUE ESTARIA FAZENDO EM UM LUGAR ERMO COM UMA CRIAANÇA, FICOU NERVOSO ALEGANDO QUE ERA AVÔ DELA. NO MOMENTO SE RETIROU RAPIDAMENTE DO LOCAL EAGORA ESTÁ EM UM TERRENO BALDIO, ESCURO, SENTADOS. ELA ESTA COM UMA DE SHORTES E CAMISA REGATA.","Via urbana","Ciro Nardi","Partes Orientadas","Finalizado no Local","-"
"Oct 23, 2025 @ 22:20:57.813","CAD-CA20251023191823-28-OC-GM","SILMARA RELATA QUEIMADA. DISSE QUE COM FREQUENCIA ELES PONHAM FOGO A NOITE PARA QUEIMAR LIXO. FICA NO ANTIGO ESTACIONAMENTO DO COWBOY.","Terreno baldio","Pioneiros Catarinenses","Não atendido por indisponibilidade de Recursos","Finalizado Sem Despacho","-"
"Oct 23, 2025 @ 22:14:42.430","CAD-CA20251023191103-27-OC-GM","RELATA QUE SEU VIZINHO LIGA A MOTOSSERRA COM FREQUENCIA SEM CORTAR NADA, APENAS PARA FAZER BARULHO. DISSE QUE TEM CRIANÇA PEQUENA NA CASA AO LADO. NÃO QUER SE IDENTIFICAR. ","Via urbana",Morumbi,"Não atendido por indisponibilidade de Recursos","Finalizado Sem Despacho","-"
"Oct 23, 2025 @ 22:10:00.127","CAD-CA20251023190635-26-OC-GM","MARIA RELATA QUE TEM UM MASCULINO ALTERADO EM FRENTE A SUA CASA. ACHA QUE ESTA DROGADO. ESTÁ BATENDO NAS PLACAS E GRITANDO. FOI ORIENTADO A LIGAR TAMBÉM PARA O SAMU. ","Via urbana","Brasília","Orientado pelo despachante","Finalizado Sem Despacho","-"
"Oct 23, 2025 @ 20:25:48.632","CAD-CA20251023172226-25-OC-GM","RELATA QUE ALGUMAS PESSOAS FICAM NO LOCAL VENDENDO DROGAS. ELES FICAM EM FRENTE A IGUREJA WAQE UP. ","Via urbana",Cancelli,"Não atendido por indisponibilidade de Recursos","Finalizado Sem Despacho","-"
"Oct 23, 2025 @ 20:21:13.462","CAD-CA20251023171917-24-OC-GM","NEIA SOLICITOU UM PATRULHAMENTO NO UPA TANCREDO. SEGUNDO ELA, TEM UM PACIENTE ALTERADO NO LOCAL. ","Estabelecimentos de saúde","Santo Onofre","Averiguação Policial sem Alteração","Finalizado no Local","-"
"Oct 23, 2025 @ 19:29:38.440","CAD-CA20251023162604-22-OC-GM","EM PATRULHAMENTO DEPAROU COM UM ACIDENTE/SINISTRO, DOIS AUTOS.","Não Informado","Bairro São Cristóvão","Partes Orientadas","Finalizado no Local","-"
"Oct 23, 2025 @ 19:21:56.419","CAD-CA20251023161801-21-OC-GM","SEGUNDO O DENUNCIANTE, QUE HÁ DUAS MULHERES NA RESIDENCIA E ELA TEM MEDIDA PROTETIVA EM DESVAFOR DE LUAN PEREIRA E O MESMO ESTA QUERENDO COLOCAR FOGO NA RESIDENCIA, BRANCO, 1,80 ALTURA.","Não Informado",Cataratas,"Boletim de Ocorrência (Maria da Penha)","Finalizado na Delegacia de Polícia","-"
"Oct 23, 2025 @ 18:51:56.307","CAD-CA20251023154943-20-OC-GM","OPERAÇÕES PATULHA AMBIENTAL E ASSINSTÊNCIA SOCIAL.","Não Informado","Alto Alegre","Viatura em apoio","Finalizado no Local","-"
"Oct 23, 2025 @ 18:48:07.595","CAD-CA20251023154530-19-OC-GM","OPERAÇÃO E ESCOLTA, GPOM, ROMU,OPERAÇÕES COM CÃES E OUTROS.","Não Informado",Diamante,"Cancelada pelo solicitante","Finalizado Sem Despacho","-"
"Oct 23, 2025 @ 14:28:51.000","CAD-CA20251023111842-17-OC-GM","(DENUNCIA ANONIMA) RELATA QUE, EM FRENTE  CAIXA ECONOMICA FEDERAL, TEM UM VENDEDOR AMBULANTE QUE ESTA COM UMA CADELA MARROM PORTE GRANDE (RAÇA PITBULL) DISSE QUE ELE ABUSA SEXUALMENTE DA CADELA. RELATA QUE ISSO OCORRE COM FREQUENCIA. A CADELA ESTÁ COM A PARTE DE TRAS TODA MACHUADA. ELE TEM  CABELO COMPRIDO E FICA EM FRENTE AO BANCO VENDEDO PULSEIRA.","Via urbana",Centro,Outros,"Finalizado Sem Despacho","-"
"Oct 23, 2025 @ 14:18:29.882","CAD-CA20251023111729-16-OC-GM","MISSÃO ESCOLTA. ","Via urbana",Cascavel,"Viatura em apoio","Finalizado no Local","-"
"Oct 23, 2025 @ 14:17:27.661","CAD-CA20251023111232-15-OC-GM","ADILSON LIGOU PARA RELATAR QUE, NA NOITE PASSADA, HOUVE PERTURBAÇÃO DE SOSSEGO A NOITE INTEIR NO ESTABELECIMENTO TOP BAR. FOI ORIENTADO A LIGAR TAMBÉM NA OUVIDORIA DO MUNICIPIO PARA SOLICITAR UM FISCALIZAÇÃO DE ALVARÁ DE FUNCIONAMENTO. ","Estabelecimento comercial",Cascavel,"Orientado pelo despachante","Finalizado Sem Despacho","-"
"Oct 23, 2025 @ 14:10:47.057","CAD-CA20251023110926-13-OC-GM","GM MARILIA SOLICITOU EMPENHO NO CAD - ATIVIDADE PREVENTIVA. ","Residência",Cataratas,Outros,"Finalizado no Local","-"
"Oct 23, 2025 @ 13:49:51.782","CAD-CA20251023104449-12-OC-GM","JORDANA RELATA QUE UMA PESSOA ATENDIDA PELA EQUIPE ESTEVE NO LOCAL AGITADA. DISSE QUE QUEBROU UMA CADEIRA E ARREMESSOU UMA PEDRA CONTRA O LOCAL. NO MOMENTO DA LIGAÇÃO ELE JÁ NÃO ESTAVA NO LOCAL. PORÉM TEME DE QUE ELE RETORNE. ","Repartição pública","Cascavel Velho","Infrator não localizado","Finalizado no Local","-"
"Oct 23, 2025 @ 13:42:54.703","CAD-CA20251023103713-11-OC-GM","ALEXANDRE RELATA QUE TEM UMA PESSOA (MOLETOM CINZA, BERMUDA JEANS MARRON, BOLSA RIP) COM UM CACHORRO PITBULL FORA DA COLEIRA. ","Via urbana",Centro,Outros,"Finalizado Sem Despacho","-"
"Oct 23, 2025 @ 13:37:12.124","CAD-CA20251023102932-10-OC-GM","ARTUR RELATA QUE EM FRENTE AO RESTAURANTE BOM JESUS APARECEU UM UMA AVE URUTAL. FOI REPASSADO O TELEFONE DO IAT, ZOOLOGICO E BEM ESTAR ANIMAL. ","Via urbana","Jardim Veneza","Orientado pelo despachante","Finalizado Sem Despacho","-"
"Oct 23, 2025 @ 13:18:19.248","CAD-CA20251023101333-9-OC-GM","DIALICE RELATA QUE TEM UM CACHORRO FILHOTE QUE FICA LATINDO DIA E NOITE EM FRENTE A SUA RESIDENCIA, ONDE MORA UNS ESTERANGEIROS. NÃO SOUBE RELATAR SE TEM COMIDA E AGUA. APENAS FICA LATINDO. IRA AVERIGUAR E, CASO IDENTIFIQUE MAUS-TRATOS DE ANIMAIS, IRA LIGAR NOVAMENTE. ","Residência",Morumbi,"Ausência de dados suficientes","Finalizado Sem Despacho","-"
"Oct 23, 2025 @ 12:30:29.566","CAD-CA20251023092126-8-OC-GM","SIRLENE RELATA QUE ESTÁ SENDO PERSEGUIDA POR UM MORADOR DE RUA O QUAL ESTÁ DO SEU LADO DENTRO DO ONIBUS SENTIDO TERMINAL OESTE. NO LOCAL, APOIS DESCER, IRA PASSAR MAIS INFORMAÇÕES, POIS ELE ESTÁ PROXIMO AO TELEFONE  E NÃO CONSEGUE CONVERSAR. CAMISETA CINZA, SEM BLUSA, SEM BONE, SEM MOCHILA. DE CALÇA, ","Terminal de ônibus",Centro,"Cancelada pelo solicitante","Finalizado Sem Despacho","-"
"Oct 23, 2025 @ 11:44:52.755","CAD-CA20251023083557-7-OC-GM","ISADORA RELATA QUE TEM DOIS PITBULL SOLTO. ENTROU EM SUA RESIDENCIA, MATOU SEU CACHORRO. AGORA ESTÁ NA CASA AO LADO ATACANDO OS CACHORROS DA VIZINHA. NÃO SOUBE IDENTIFICAR OS PROPRIETARIO.  ESTÃO COM COLEIRAS. ","Residência","Cascavel Velho","Partes Orientadas","Finalizado no Local","-"
"Oct 23, 2025 @ 11:22:47.223","CAD-CA20251023081951-6-OC-GM","VISITA E FISCALIZAÇÃO DA PATRULHA MARIA DA PENHA, DAS MEDIDAS PROTETIVAS.","Não Informado",Cascavel,Outros,"Finalizado no Local","-"
"Oct 23, 2025 @ 06:31:46.073","CAD-CA20251023033049-3-OC-GM","PB ","Não Informado","Alto Alegre",Outros,"Finalizado no Local","-"
"Oct 23, 2025 @ 05:38:32.499","CAD-CA20251023023759-2-OC-GM","gustavo maciel, 19 anos

paciente psiquiatrico, está agitado, está agressivo. tentando se autoagredir com faca.","Não Informado","Santa Felicidade",Samu,"Finalizado na Unidade de Saúde","-"
"Oct 23, 2025 @ 03:49:09.490","CAD-CA20251023004734-1-OC-GM","descumprimento de medida protetiva ","Não Informado","Cascavel Velho","Boletim de Ocorrência (Maria da Penha)","Finalizado na Delegacia de Polícia","-"
"Oct 23, 2025 @ 01:58:19.042","CAD-CA20251022223819-21-OC-GM","MASCULINO AGITADO ABSTINENCIA POR USO DE DROGA","Não Informado",Aroeira,Outros,"Finalizado em Outro Local","-"
"Oct 23, 2025 @ 00:16:39.724","CAD-CA20251022211453-20-OC-GM","POPULARES ACIONARAM A VIATURA SITUACAO DE AGRESSAO ","Não Informado","Santa Cruz","Auto de Prisão em Flagrante Delito","Finalizado na Delegacia de Polícia","-"
"Oct 23, 2025 @ 00:10:06.782","CAD-CA20251022210238-18-OC-GM","MASCULINO EM SURTO PSICOTICO","Não Informado","Santa Felicidade","Boletim de Ocorrência","Finalizado no Local","-"
"Oct 22, 2025 @ 22:40:06.014","CAD-CA20251022193838-17-OC-GM","PB GINASIO NEVA ","Não Informado",Neva,"Averiguação Policial sem Alteração","Finalizado no Local","-"
"Oct 22, 2025 @ 21:11:08.314","CAD-CA20251022181037-16-OC-GM",pb,"Não Informado","Região do Lago 3",Outros,"Finalizado no Local","-"
"Oct 22, 2025 @ 20:34:38.401","CAD-CA20251022173410-15-OC-GM",pb,"Não Informado","Universitário",Outros,"Finalizado no Local","-"
"Oct 22, 2025 @ 20:27:10.683","CAD-CA20251022172635-14-OC-GM","abordagem em ptrm","Não Informado","Cascavel Velho","Auto de Prisão em Flagrante Delito","Finalizado na Delegacia de Polícia","-"
"Oct 22, 2025 @ 19:56:56.032","CAD-CA20251022165616-13-OC-GM","pb escola","Não Informado",Cascavel,Outros,"Finalizado no Local","-"
"Oct 22, 2025 @ 17:53:57.803","CAD-CA20251022145321-12-OC-GM","QUEIMADA URBANA","Não Informado","Parque São Paulo",Outros,"Finalizado no Local","-"
"Oct 22, 2025 @ 15:28:30.649","CAD-CA20251022122458-11-OC-GM","INDIVIDUO PORTANTO FACA EM VIA PUBLICA","Não Informado","Canadá","Boletim de Ocorrência","Finalizado no Local","-"
"Oct 22, 2025 @ 15:19:53.508","CAD-CA20251022121839-10-OC-GM","DESACATO E AMEÇA NO LOCAL ","Não Informado","Alto Alegre","Infrator não localizado","Finalizado no Local","-"
"Oct 22, 2025 @ 13:21:19.844","CAD-CA20251022101655-9-OC-GM","a pedido do diretor machado, solicitante rubens informou que esta tendo um desacordo comercial sobre venda de uma motocicleta, possivelmnte vendedor e comprador cairam em golpe","Não Informado",Floresta,"Partes Orientadas","Finalizado no Local","-"
"Oct 22, 2025 @ 13:00:32.383","CAD-CA20251022095326-8-OC-GM","solicitante informou que uma cuidadora que esta acompanhando um pacinte, desacatou (vai tomar  no c*) e ameaçou a mesma e outra servidora com nome de maristela. as mesma tem interesse em representar ou confeccionar um boletim de ocorrencia.","Não Informado","Jardim Veneza","Boletim de Ocorrência Circunstanciado (Menor)","Finalizado na Delegacia de Polícia","-"
"Oct 22, 2025 @ 12:52:47.422","CAD-CA20251022094420-7-OC-GM","aulas nas escolas ","Não Informado",Brasmadeira,"Prevenção encerrada","Finalizado no Local","-"
"Oct 22, 2025 @ 11:41:41.405","CAD-CA20251022083924-6-OC-GM","pb upa veneza","Não Informado","Jardim Veneza",Outros,"Finalizado no Local","-"
"Oct 22, 2025 @ 11:18:55.191","CAD-CA20251022081411-5-OC-GM","pb terminal sul","Não Informado","Nova Cidade",Outros,"Finalizado no Local","-"
"Oct 22, 2025 @ 10:24:04.815","CAD-CA20251022070507-4-OC-GM",teste,"Não Informado",Centro,Outros,"Finalizado Sem Despacho","-"
"Oct 22, 2025 @ 06:24:42.180","CAD-CA20251022032256-2-OC-GM","APOIO DE CAMBURÃO, PARA CUMPRIMENTO DE MANDADO DE PRISÃO.","Via urbana","Não Informado","Auto de Prisão em Flagrante Delito","Finalizado na Delegacia de Polícia","-"
"Oct 22, 2025 @ 05:52:48.926","CAD-CA20251022025034-1-OC-GM","PPM CONSTRUÇÃO, INDIVIDUOS RONDANDO O LOCAL, ESTÃO EM 2.","Obra/construção civil",Interlagos,"Não atendido por indisponibilidade de Recursos","Finalizado Sem Despacho","-"
"Oct 22, 2025 @ 00:08:19.062","CAD-CA20251021210608-30-OC-GM","SOLICITANTE INFORMOU QUE TEM UM INDIVIDUO ALTERADO DENTRO DO TERMINAL, ANDANDO DE UM LADO PARA OUTRO, FALANDO PALAVRÕES, PEDIU PARA UMA EQUIPE PASSAR NO LOCAL.","Terminal de ônibus","Nova Cidade","Orientação preventiva no local","Finalizado no Local","-"
"Oct 21, 2025 @ 23:00:08.058","CAD-CA20251021195505-28-OC-GM","CACHORRO ATACAM PEDESTRE, E CICLISTAS NA RUA, CARLOS PIORESAN ATRAS DO RESIDÊNCIAL VILA CONSTANÇA. OS CACHORROS NÃO TEM DONO, SÃO ANIMAIS DE RUA.","Via urbana","Pioneiros Catarinenses","Orientado pelo despachante","Finalizado Sem Despacho","-"
"Oct 21, 2025 @ 22:11:35.662","CAD-CA20251021191042-27-OC-GM","ATIVIDADE PREVENTIVA","Via urbana","Alto Alegre",Outros,"Finalizado no Local","-"
"Oct 21, 2025 @ 21:21:24.605","CAD-CA20251021181801-25-OC-GM","CONSTRUÇÃO IRREGULAR NO ASFALTO, OBSTRUÇÃO DA VIA., RUA ARCO IRIS COM RUA VICTOR HUGO, SENDO A VIA ARCO IRIS SENDO CONSTRUIDA","Via urbana","Nova Cidade","Averiguação Policial sem Alteração","Finalizado no Local","-"
"Oct 21, 2025 @ 21:19:42.042","CAD-CA20251021181758-24-OC-GM","OPERAÇÃO DE TRASITO, GPOM.","Não Informado",Periolo,"Auto de Prisão em Flagrante Delito","Finalizado na Delegacia de Polícia","-"
"Oct 21, 2025 @ 21:05:40.500","CAD-CA20251021180417-23-OC-GM","queima de fios","Via urbana","Universitário","Identificação realizada","Finalizado no Local","-"
"Oct 21, 2025 @ 19:38:51.018","CAD-CA20251021163712-22-OC-GM","vizinho com som muito alto","Residência","Universitário","Orientado pelo despachante","Finalizado Sem Despacho","-"
"Oct 21, 2025 @ 18:51:53.041","CAD-CA20251021154910-20-OC-GM","VIOLENCIA DOMESTICA, NA RUA MAURO TOLENTINO COM RUA AURORA, MULHER PEDINDO SOCORRO, LIGAR PARA A POLICIA.","Não Informado","Nova Cidade","Averiguação Policial sem Alteração","Finalizado no Local","-"
"Oct 21, 2025 @ 18:14:48.410","CAD-CA20251021151128-19-OC-GM","CAPTURAM CANARIO DA TERRA PARA COMERCIALIZAR, SÃO APROXIMADAMENTE UNS 5 ADOLESCENTES, NA RUA MARTE, 699 NO BAIRRO UNIVERSITARIO.","Não Informado","Universitário","Outros (OUA)","Finalizado Sem Atendimento após Despacho","-"
"Oct 21, 2025 @ 17:29:53.169","CAD-CA20251021142809-18-OC-GM","ABORDAGEM A SUSPEITO, RUA CRISTOVÃO COLOMBO 414.","Via urbana","Pioneiros Catarinenses",Outros,"Finalizado no Local","-"
"Oct 21, 2025 @ 17:27:17.011","CAD-CA20251021142549-17-OC-GM","MAUS TRATOS A ANIMAIS, RUA ADAUTO FERREIRA, 164","Não Informado","Cascavel Velho","Infrator não localizado","Finalizado no Local","-"
"Oct 21, 2025 @ 14:54:12.064","CAD-CA20251021115251-15-OC-GM","chiro forte de queimada urbana, provavelmente queima de fios.","Via urbana","Alto Alegre",Outros,"Finalizado no Local","-"
"Oct 21, 2025 @ 14:51:37.437","CAD-CA20251021114548-14-OC-GM","solicitante relatou que ontem tinha um casal na calçada, e hoje novamente com um carro jaguar o proprietário parou próximo a rua jose calvalcanti. eles estão dentro de uma bmw, provavelmente ser da moça esse carro, aparentavam estar discutindo.","Via urbana",Cancelli,"Orientado pelo despachante","Finalizado Sem Despacho","-"
"Oct 21, 2025 @ 14:36:26.094","CAD-CA20251021113550-13-OC-GM","maus tratos a animal","Residência",Neva,Outros,"Finalizado Sem Despacho","-"
"Oct 21, 2025 @ 14:00:50.111","CAD-CA20251021105904-12-OC-GM","VISITA E FISCALIZAÇÃO PELA PATRULHA MARIA DA PENHA DE SITUAÇÕES DE MEDIDAS PROTETIVAS.","Não Informado",Interlagos,Outros,"Finalizado no Local","-"
"Oct 21, 2025 @ 13:53:14.278","CAD-CA20251021105047-11-OC-GM","VISITA E FISCALIZAÇÃO DE MEDIDA PROTETIVA.","Não Informado",RIVIEIRAS,Outros,"Finalizado no Local","-"
"Oct 21, 2025 @ 13:17:23.215","CAD-CA20251021101504-10-OC-GM","FISCALIZAÇÃO AMBIENTAL COM O MEDICO VETERINARIO, NA RUA MAJOR OSCAR RAMOS PEREIRA, 582.","Não Informado","Vila Tolentino","Auto de Prisão em Flagrante Delito","Finalizado na Delegacia de Polícia","-"
"Oct 21, 2025 @ 13:11:42.493","CAD-CA20251021101003-8-OC-GM","VISITAS E FISCALIZAÇÃO DE MEDIDAS PROTETIVAS.","Não Informado",Morumbi,Outros,"Finalizado no Local","-"
"Oct 21, 2025 @ 12:57:24.602","CAD-CA20251021095433-7-OC-GM","SITUAÇÃO DE TRAFICO DE DROGAS, NO JULIETA BUENO, VEREADOR ACOMPANHANDO.","Não Informado",Interlagos,"Auto de Prisão em Flagrante Delito","Finalizado na Delegacia de Polícia","-"
"Oct 21, 2025 @ 12:51:38.582","CAD-CA20251021094912-6-OC-GM","MORADORES DE RUA MONTANDO BARRACA RUA SÃO PAULO ESQUINA COM A MARECHAL DE RONDON, CENTRO.","Não Informado","Não Informado","Orientação preventiva no local","Finalizado no Local","-"
"Oct 21, 2025 @ 11:25:00.915","CAD-CA20251021082320-500163X-OC-GM","apoio a secretaria de meio ambiente nos bairros, santa cruz","Não Informado","Não Informado",Outros,"Finalizado no Local","-"
"Oct 21, 2025 @ 07:07:07.466","CAD-CA20251021040537-1-OC-GM","feminino 70a em surto com uma faca e uma barra de ferro

qth final - Rua Ásia, 529
","Não Informado",Periolo,"Viatura em apoio","Finalizado no Local","-"
"Oct 21, 2025 @ 00:28:18.978","CAD-CA20251020212318-22-OC-GM","APOIO AO SAMU paciente carol, 21 anos
com ideação suicida, agressiva, relata que está segurando fio para tentativa de suicidio
 ponto de encontro rua rio da paz esquina com rua imigração","Não Informado","Nova Cidade",Samu,"Finalizado na Unidade de Saúde","-"
"Oct 21, 2025 @ 00:16:16.376","CAD-CA20251020211408-21-OC-GM","RELATA O SOLICITANTE QUE TEM TRES CRIANCAS ABANDOMADAS NA RESIDENCIA E SEM RESPOSANVEL NO LOCAL CRIANCAS DE 13 ANOS, 07 ANOS 03 ANOS SEM ALIMENTOS. ","Não Informado",Interlagos,"Boletim de Ocorrência","Finalizado no Local","-"
"Oct 20, 2025 @ 23:54:43.026","CAD-CA20251020205113-20-OC-GM","PATRULHAMENTO PREVENTIVO NA AV BRASIL SEGUNDO O SOLICITANTE UM MASC CAMISETA BRANCA E TOCA BRANCA, DE TORNOZELEIRA ESTA INCOMODANDO NO QTH","Não Informado",Centro,Outros,"Finalizado no Local","-"
"Oct 20, 2025 @ 23:52:23.548","CAD-CA20251020204918-19-OC-GM","PACIENTE ISMAEL PEREIRA, 45 ANOS EM SURTO PSIQUIATRICO, ESTÁ SE AUTO AGREDINDO 

Rua do Vale, 525 Bairro: Nova Cidade Cascavel-PR
Ponto Ref.: próximo ao ecoparque
ponto de encontro: rua do cowboy esq com a av aracy tanaka biazetto/marginal
","Não Informado","Pioneiros Catarinenses","Partes Orientadas","Finalizado no Local","-"
"Oct 20, 2025 @ 21:34:16.838","CAD-CA20251020183315-18-OC-GM","PONTO BASE","Não Informado","Região do Lago 3","Prevenção encerrada","Finalizado no Local","-"
"Oct 20, 2025 @ 20:12:27.321","CAD-CA20251020171035-17-OC-GM","solicitante teve o celular furtado por 3 indivíduos, não soube passar caracteristicas, está no ponto de taxi de camiseta azul e mochila aguardando a equipe. ","Não Informado","Alto Alegre","Auto de Prisão em Flagrante Delito","Finalizado na Delegacia de Polícia","-"
"Oct 20, 2025 @ 19:17:31.961","CAD-CA20251020161555-16-OC-GM","-","Residência","14 de Novembro",Outros,"Finalizado no Local","-"
"Oct 20, 2025 @ 19:15:41.703","CAD-CA20251020161039-15-OC-GM","Paciente  Pedro Henrique saladin marques dos santos 14 anos internamento compulsorio para hospital sao camilo em uniao da vitoria agora paciente em casa pouco agitado porem na chegada da equipe paciente colaborativo encaminhar para upa brasilia para posteriormente transferencia.
QTH FINAL :Rua Visconde de Guarapuava, 969 Bairro: Neva Cascavel-PR
QTH ENCONTRO: rua vitoria com salgado filho



","Não Informado",Neva,Samu,"Finalizado na Unidade de Saúde","-"
"Oct 20, 2025 @ 18:59:23.496","CAD-CA20251020155432-14-OC-GM","-","Não Informado",Centro,Outros,"Finalizado no Local","-"
"Oct 20, 2025 @ 18:41:24.644","CAD-CA20251020153931-11-OC-GM","DESCARTE IRREGULAT DE LIXO","Não Informado","Cascavel Velho","Infrator não localizado","Finalizado no Local","-"
"Oct 20, 2025 @ 15:41:14.306","CAD-CA20251020123838-9-OC-GM","relata a solicitante que localizou um corpo no mato não sabe se ta vivo ou morto ","Terreno baldio",Floresta,"Partes Orientadas","Finalizado no Local","-"
"Oct 20, 2025 @ 14:45:00.756","CAD-CA20251020114257-8-OC-GM","DANO A PATRIMONIO","Residência","Sao Francisco","Averiguação Policial sem Alteração","Finalizado no Local","-"
"Oct 20, 2025 @ 14:33:15.614","CAD-CA20251020113025-7-OC-GM","busca e apreensao de veiculo placa IYI5E94","Residência",Centro,Outros,"Finalizado no Local","-"
"Oct 20, 2025 @ 14:26:23.858","CAD-CA20251020112452-6-OC-GM","patrulha maria da penha -visitas ","Residência","Pioneiros Catarinenses",Outros,"Finalizado no Local","-"
"Oct 20, 2025 @ 13:58:29.354","CAD-CA20251020105704-5-OC-GM","prevenção patrulha amiga","Não Informado",Cascavel,"Prevenção encerrada","Finalizado no Local","-"
"Oct 20, 2025 @ 13:55:34.488","CAD-CA20251020105253-4-OC-GM","veiculo recuperado","Via urbana","Santa Cruz",Outros,"Finalizado na Delegacia de Polícia","-"
"Oct 20, 2025 @ 12:43:52.695","CAD-CA20251020094216-3-OC-GM","equipe realizar um ptrm ao redor da prefeitura não precisa ficar parado esta havendo uma manifestação no qth. ","Repartição pública",Centro,"Prevenção encerrada","Finalizado no Local","-"
"Oct 20, 2025 @ 03:15:14.903","CAD-CA20251020000924-1-OC-GM","ACIDENTE EM SURTO PSIQUIATRICO. AGRESSIVA, QUEBRANDO OS OBJETOS EM CASA.","Residência","Universitário",Outros,"Finalizado no Local","-"
"Oct 20, 2025 @ 02:51:40.904","CAD-CA20251019234749-59-OC-GM","KELVIN RELATA QUE SOFREU UMA TENTATIVA DE ROUBO. DOIS MASCULINOS EM DUAS MOTOS CB 300 ANTIGA COR CINZA TENTOU. NÃO CONSEGUIU PEGAR A PLACA. FOI SENTIDO AO RESIDENCIAL COLINAS. ESTÃO DE ROUPAS ESCURAS, CAPACETES LS2. ","Via urbana","Cascavel Velho",Outros,"Finalizado Sem Despacho","-"
"Oct 20, 2025 @ 01:47:04.981","CAD-CA20251019223150-58-OC-GM","ALICE RELATA QUE TEM UMA MEDIDA PROTETIVA CONTRA SEU EX-COMPANHEIRO ( LUCAS ROSA VERONESI) E A GUARDA DA DO FILHO DE 6 ANOS  ESTÁ EM PROCESSO JUDICIAL. ELE É USUARIO DE DROGAS E AGORA A NOITE ELE INVADIU SUA CASA E LEVOU SEU FILHO. NÃO SOUBE INFORMAR A PLACA DO CARRO (GOLF PRETO) COM ESCAPAMENTO ALTERADO. NÃO SOUBE INFORMAR O RUMO EME QUE ELE SAIU NEM ONDE ESTÁ MORANDO. ELE ESTÁ COM UMA CALÇA JEANS E BLUSA PRETA. ","Residência",Interlagos,"Averiguação Policial sem Alteração","Finalizado no Local","-"
"Oct 20, 2025 @ 01:24:45.862","CAD-CA20251019222051-55-OC-GM","EVERTON RELATA QUE TEM UM MORADOR DE RUA NO LOCAL ATRAPALHANDO O TRABALHO E SAIDA DOS CLIENTES. CALÇA JEANS, CAMISETA CINZA, SEM BONE, CABELO CURTO. ","Estabelecimento comercial",Centro,"Não atendido por indisponibilidade de Recursos","Finalizado Sem Despacho","-"
"Oct 20, 2025 @ 01:17:01.041","CAD-CA20251019221318-54-OC-GM","JOSE RELATA QUE É PORTEIRO DO CONDOMINIO EM FRENTE AO PARQUE VITORIA E QUE UM MOTOBOY ENTROU DENTRO DO PARQUE. SOLICITOU UMA EQUIPE PARA AVERIGUAR. ","Praça/parque",Cancelli,Outros,"Finalizado no Local","-"
"Oct 20, 2025 @ 01:10:20.969","CAD-CA20251019215701-53-OC-GM","RAISSA RELATA QUE QUE SEU MARIDO ESTAVA ANDANDO COM SEU FILHO NA GUARUPA DA MOTO, QUANDO PASSOU UMA BICICLETA, E MOSTROU O DEDO PRA ELE. POSTERIOR, APOS SEU MARIDO SAIR PRA IR AO MERCADO, SE DEPAROU COM ESSA MESMA PESSOA A QUAL RETORNOU ATE A SUA RESIDENCIA COM UMA EQUIPE DA POLICIA MILITAR. DOIS FARDADOS E OUTRO SEM. SEGUNDO ELA, O QUE ESTAVA SEM FARDA, SACOU A ARMA E COMEÇOU A XINGA-LOS DE ARROMBADOS. NÃO SOUBE O MOTIVO. RAISSA DISSE QUE JA LIGOU PARA SUA ADVOGADA E AMANHA ELA IRA ATÉ A UBS PARA RELATAR O FATO. ","Residência","Santa Cruz","Orientado pelo despachante","Finalizado Sem Despacho","-"
"Oct 20, 2025 @ 00:57:00.103","CAD-CA20251019215042-52-OC-GM","APOIO AO SAMU. RAFAEL, 32 ANOS, EM SURTO, ESTA QUERENDO COLOCAR FOGO NA CASA. FEZ USO DE ALCOOL, DEPENDENTE QUIMICO, ALCOOL E DROGAS. ","Residência",Floresta,Outros,"Finalizado no Local","-"
"Oct 20, 2025 @ 00:37:35.572","CAD-CA20251019213439-51-OC-GM","CAMILA RELATA SOM ALTO. SOLCITOU UM PATRULHAMENTO NO LOCAL. NÃO QUER SE IDENTIFICAR.","Via urbana",Claudete,"Não atendido por indisponibilidade de Recursos","Finalizado Sem Despacho","-"
